"id";"age";"email";"nom";"prenom";"adresse_id"
0;47;"vanassen-harrison1370@laposte.net";"Van Assen";"Harrison";0
1;44;"hleroux6420@icloud.org";"Leroux";"Hanae";1
2;54;"mhoyt8710@laposte.net";"Maes";"Hoyt";2
3;18;"tremblay-pearl498@laposte.com";"Tremblay";"Pearl";3
4;75;"l.lane@icloud.fr";"Lane";"Lee";4
5;60;"rose.berg@icloud.com";"Berg";"Rose";5
6;59;"aardenleo7789@hotmail.net";"Aarden";"Leo";6
7;19;"c-tremble@laposte.fr";"Tremble";"Connor";7
8;41;"c.andrew6620@outlook.net";"Chevalier";"Andrew";8
9;37;"villenueve_gregory4525@laposte.com";"Villenueve";"Gregory";9
10;48;"plamondon.dora@hotmail.fr";"Plamondon";"Dora";10
11;73;"hallchevalier@yahoo.org";"Chevalier";"Hall";11
12;32;"smet.aidan1096@outlook.net";"Smet";"Aidan";12
13;56;"h.bouwmeester@laposte.net";"Bouwmeester";"Hakeem";13
14;46;"hdeforest@outlook.org";"Deforest";"Hunter";14
15;55;"wklein2165@icloud.com";"Klein";"Wesley";15
16;55;"f.smet8786@outlook.net";"Smet";"Francis";16
17;27;"travers-asher9338@google.com";"Travers";"Asher";17
18;48;"b.yardley@hotmail.org";"Brisbois";"Yardley";18
19;67;"r.boivin@google.net";"Boivin";"Roth";19
20;75;"liberty-duval@hotmail.org";"Duval";"Liberty";20
21;20;"lcousineau@laposte.fr";"Cousineau";"Latifah";21
22;19;"kleinwillow51@icloud.org";"Klein";"Willow";22
23;39;"haanraads_althea@icloud.com";"Haanraads";"Althea";23
24;71;"proulx-damian@icloud.net";"Proulx";"Damian";24
25;50;"graidenaarle9601@icloud.net";"Aarle";"Graiden";25
26;25;"j-klein27@laposte.com";"Klein";"Jaime";26
27;57;"chaput.lucius@outlook.com";"Chaput";"Lucius";27
28;72;"jchastain@outlook.fr";"Chastain";"Jordan";28
29;35;"spijker_dolan1995@outlook.com";"Spijker";"Dolan";29
30;37;"janvier_asher@hotmail.org";"Janvier";"Asher";30
31;48;"kevinpeerenboom@outlook.com";"Peerenboom";"Kevin";31
32;18;"savatier_garth6418@outlook.org";"Savatier";"Garth";32
33;47;"l-cruyssen3454@google.com";"Cruyssen";"Lara";33
34;22;"d_royer@laposte.fr";"Royer";"Deacon";34
35;53;"c-eikenboom4414@hotmail.org";"Eikenboom";"Chantale";35
36;27;"plamondon.baker1743@yahoo.org";"Plamondon";"Baker";36
37;27;"hayden-aarden@yahoo.net";"Aarden";"Hayden";37
38;45;"mariko-vanassen@outlook.org";"Van Assen";"Mariko";38
39;31;"chastain.kaye@yahoo.org";"Chastain";"Kaye";39
40;61;"g.garcon@hotmail.fr";"Garcon";"Gareth";40
41;52;"achthoven_maia5201@hotmail.com";"Achthoven";"Maia";41
42;21;"jaelmaes@hotmail.fr";"Maes";"Jael";42
43;74;"d_silas7975@yahoo.com";"Dumont";"Silas";43
44;26;"dsavatier@hotmail.com";"Savatier";"Dante";44
45;67;"beaulieu-cairo8901@laposte.net";"Beaulieu";"Cairo";45
46;61;"b_janssens@hotmail.org";"Janssens";"Benedict";46
47;54;"b-bethany@outlook.net";"Beauchene";"Bethany";47
48;59;"cchristen@hotmail.com";"Chevalier";"Christen";48
49;55;"joshua-beauchene8400@google.com";"Beauchene";"Joshua";49
50;28;"plourde-roary8374@laposte.org";"Plourde";"Roary";50
51;22;"berger_russell@laposte.org";"Berger";"Russell";51
52;44;"abezuindenhout7168@yahoo.net";"Bezuindenhout";"Aurora";52
53;39;"delzinga@icloud.fr";"Elzinga";"Diana";53
54;53;"b-jerome@yahoo.fr";"Bunschoten";"Jerome";54
55;22;"tmertens4643@outlook.com";"Mertens";"Thomas";55
56;64;"mertens_yen@hotmail.com";"Mertens";"Yen";56
57;43;"k_uriah@google.fr";"Klein";"Uriah";57
58;71;"peerenboomabigail9460@google.net";"Peerenboom";"Abigail";58
59;50;"b-offermans921@outlook.com";"Offermans";"Bruno";59
60;33;"s.kappel@hotmail.org";"Kappel";"Shaine";60
61;48;"g_aarle@outlook.org";"Aarle";"George";61
62;34;"berger_hamish9471@hotmail.org";"Berger";"Hamish";62
63;74;"k.kuiper@hotmail.com";"Kuiper";"Keelie";63
64;29;"b_salvador@hotmail.net";"Brisbois";"Salvador";64
65;55;"achterberg.kieran@google.net";"Achterberg";"Kieran";65
66;20;"holt-rhea77@laposte.org";"Holt";"Rhea";66
67;55;"rpeerenboom6945@outlook.com";"Peerenboom";"Regan";67
68;37;"l.aarden3108@outlook.org";"Aarden";"Lunea";68
69;33;"mertens.germane@hotmail.com";"Mertens";"Germane";69
70;62;"v-dam@google.fr";"Dam";"Vielka";70
71;26;"dubois.phyllis@outlook.net";"Dubois";"Phyllis";71
72;63;"m_shoshana@outlook.com";"Mertens";"Shoshana";72
73;27;"a_villenueve@icloud.com";"Villenueve";"Asher";73
74;42;"janssensboris@icloud.fr";"Janssens";"Boris";74
75;73;"gailholt1785@yahoo.net";"Holt";"Gail";75
76;74;"mertensira8398@icloud.fr";"Mertens";"Ira";76
77;30;"aimee_lavigne1998@outlook.com";"Lavigne";"Aimee";77
78;24;"coltonsavatier@outlook.com";"Savatier";"Colton";78
79;29;"poulin-zeus7815@google.net";"Poulin";"Zeus";79
80;66;"travers-felicia@icloud.com";"Travers";"Felicia";80
81;20;"dumont-quinlan7325@outlook.org";"Dumont";"Quinlan";81
82;52;"m_hagen6437@yahoo.com";"Hagen";"Meghan";82
83;22;"skyler_bakhuizen3703@icloud.com";"Bakhuizen";"Skyler";83
84;52;"h.aphrodite@icloud.fr";"Hoedemaker";"Aphrodite";84
85;65;"j.tremble2625@laposte.org";"Tremble";"Jasper";85
86;61;"r_vanalphen@hotmail.fr";"Van Alphen";"Rogan";86
87;45;"n_maes4004@yahoo.org";"Maes";"Nicholas";87
88;54;"e_vanderaart6454@hotmail.fr";"Van Der Aart";"Emily";88
89;19;"i_koopman5529@google.fr";"Koopman";"Ivana";89
